INDIVIDUAL	P20
2-03	67.19120624819207
2-04	66.72880419773544
2-05	66.6156340057637
2-06	68.81528115610244
